{
    "categories": [
        {
            "name": "Все"
        },
        {
            "name": "Природа"
        },
        {
            "name": "Архитектура"
        },
        {
            "name": "Вода"
        },
        {
            "name": "Фауна"
        }
    ],
    "collections": [
        {
            "category": 1,
            "name": "Отдых на природе",
            "photos": [
                {
                    "original":"https://plus.unsplash.com/premium_photo-1685133856025-c5b8383c92e3?q=80&w=1740&auto=format&fit=crop&ixlib=rb-4.0.3&ixid=M3wxMjA3fDB8MHxwaG90by1wYWdlfHx8fGVufDB8fHx8fA%3D%3D",
                    "thumbnail":"https://plus.unsplash.com/premium_photo-1685133856025-c5b8383c92e3?q=80&w=1740&auto=format&fit=crop&ixlib=rb-4.0.3&ixid=M3wxMjA3fDB8MHxwaG90by1wYWdlfHx8fGVufDB8fHx8fA%3D%3D"
                },
                {
                    "original":"https://images.unsplash.com/photo-1527594840346-d96a2a1cb54e?q=80&w=1740&auto=format&fit=crop&ixlib=rb-4.0.3&ixid=M3wxMjA3fDB8MHxwaG90by1wYWdlfHx8fGVufDB8fHx8fA%3D%3D",
                    "thumbnail":"https://images.unsplash.com/photo-1527594840346-d96a2a1cb54e?q=80&w=1740&auto=format&fit=crop&ixlib=rb-4.0.3&ixid=M3wxMjA3fDB8MHxwaG90by1wYWdlfHx8fGVufDB8fHx8fA%3D%3D"
                },
                {
                    "original":"https://plus.unsplash.com/premium_photo-1661921265709-7f63b001ef98?q=80&w=1740&auto=format&fit=crop&ixlib=rb-4.0.3&ixid=M3wxMjA3fDB8MHxwaG90by1wYWdlfHx8fGVufDB8fHx8fA%3D%3D",
                    "thumbnail":"https://plus.unsplash.com/premium_photo-1661921265709-7f63b001ef98?q=80&w=1740&auto=format&fit=crop&ixlib=rb-4.0.3&ixid=M3wxMjA3fDB8MHxwaG90by1wYWdlfHx8fGVufDB8fHx8fA%3D%3D"
                },
                {
                    "original":"https://images.unsplash.com/photo-1652866433365-3199a61d4182?q=80&w=1744&auto=format&fit=crop&ixlib=rb-4.0.3&ixid=M3wxMjA3fDB8MHxwaG90by1wYWdlfHx8fGVufDB8fHx8fA%3D%3D",
                    "thumbnail":"https://images.unsplash.com/photo-1652866433365-3199a61d4182?q=80&w=1744&auto=format&fit=crop&ixlib=rb-4.0.3&ixid=M3wxMjA3fDB8MHxwaG90by1wYWdlfHx8fGVufDB8fHx8fA%3D%3D"
                },
                {
                    "original":"https://images.unsplash.com/photo-1527594488302-1c63bc6490b6?q=80&w=1470&auto=format&fit=crop&ixlib=rb-4.0.3&ixid=M3wxMjA3fDB8MHxwaG90by1wYWdlfHx8fGVufDB8fHx8fA%3D%3D",
                    "thumbnail":"https://images.unsplash.com/photo-1527594488302-1c63bc6490b6?q=80&w=1470&auto=format&fit=crop&ixlib=rb-4.0.3&ixid=M3wxMjA3fDB8MHxwaG90by1wYWdlfHx8fGVufDB8fHx8fA%3D%3D"
                }
            ]
        },
        {
            "category": 2,
            "name": "Архитектура",
            "photos": [
                {
                    "original":"https://images.unsplash.com/photo-1697031004487-cb5d41142333?q=80&w=1742&auto=format&fit=crop&ixlib=rb-4.0.3&ixid=M3wxMjA3fDB8MHxwaG90by1wYWdlfHx8fGVufDB8fHx8fA%3D%3D",
                    "thumbnail":"https://images.unsplash.com/photo-1697031004487-cb5d41142333?q=80&w=1742&auto=format&fit=crop&ixlib=rb-4.0.3&ixid=M3wxMjA3fDB8MHxwaG90by1wYWdlfHx8fGVufDB8fHx8fA%3D%3D"
                },
                {
                    "original":"https://images.unsplash.com/photo-1711747707922-3459779ad842?q=80&w=1740&auto=format&fit=crop&ixlib=rb-4.0.3&ixid=M3wxMjA3fDB8MHxwaG90by1wYWdlfHx8fGVufDB8fHx8fA%3D%3D",
                    "thumbnail":"https://images.unsplash.com/photo-1711747707922-3459779ad842?q=80&w=1740&auto=format&fit=crop&ixlib=rb-4.0.3&ixid=M3wxMjA3fDB8MHxwaG90by1wYWdlfHx8fGVufDB8fHx8fA%3D%3D"
                },
                {
                    "original":"https://images.unsplash.com/photo-1714834339651-306ce113ad6f?q=80&w=1740&auto=format&fit=crop&ixlib=rb-4.0.3&ixid=M3wxMjA3fDB8MHxwaG90by1wYWdlfHx8fGVufDB8fHx8fA%3D%3D",
                    "thumbnail":"https://images.unsplash.com/photo-1714834339651-306ce113ad6f?q=80&w=1740&auto=format&fit=crop&ixlib=rb-4.0.3&ixid=M3wxMjA3fDB8MHxwaG90by1wYWdlfHx8fGVufDB8fHx8fA%3D%3D"
                },
                {
                    "original":"https://images.unsplash.com/photo-1582564409465-7e1dce1475cb?q=80&w=1740&auto=format&fit=crop&ixlib=rb-4.0.3&ixid=M3wxMjA3fDB8MHxwaG90by1wYWdlfHx8fGVufDB8fHx8fA%3D%3D",
                    "thumbnail":"https://images.unsplash.com/photo-1582564409465-7e1dce1475cb?q=80&w=1740&auto=format&fit=crop&ixlib=rb-4.0.3&ixid=M3wxMjA3fDB8MHxwaG90by1wYWdlfHx8fGVufDB8fHx8fA%3D%3D"
                },
                {
                    "original":"https://images.unsplash.com/photo-1609067936529-59bf24113fec?q=80&w=1744&auto=format&fit=crop&ixlib=rb-4.0.3&ixid=M3wxMjA3fDB8MHxwaG90by1wYWdlfHx8fGVufDB8fHx8fA%3D%3D",
                    "thumbnail":"https://images.unsplash.com/photo-1609067936529-59bf24113fec?q=80&w=1744&auto=format&fit=crop&ixlib=rb-4.0.3&ixid=M3wxMjA3fDB8MHxwaG90by1wYWdlfHx8fGVufDB8fHx8fA%3D%3D"
                }
            ]
        },
        {
            "category": 1,
            "name": "Виды природы",
            "photos": [
                {
                    "original":"https://images.unsplash.com/photo-1638316132295-7b5866fda5d4?q=80&w=1740&auto=format&fit=crop&ixlib=rb-4.0.3&ixid=M3wxMjA3fDB8MHxwaG90by1wYWdlfHx8fGVufDB8fHx8fA%3D%3D",
                    "thumbnail":"https://images.unsplash.com/photo-1638316132295-7b5866fda5d4?q=80&w=1740&auto=format&fit=crop&ixlib=rb-4.0.3&ixid=M3wxMjA3fDB8MHxwaG90by1wYWdlfHx8fGVufDB8fHx8fA%3D%3D"
                },
                {
                    "original":"https://images.unsplash.com/photo-1708242827879-8d5cf05f5326?q=80&w=1740&auto=format&fit=crop&ixlib=rb-4.0.3&ixid=M3wxMjA3fDB8MHxwaG90by1wYWdlfHx8fGVufDB8fHx8fA%3D%3D",
                    "thumbnail":"https://images.unsplash.com/photo-1708242827879-8d5cf05f5326?q=80&w=1740&auto=format&fit=crop&ixlib=rb-4.0.3&ixid=M3wxMjA3fDB8MHxwaG90by1wYWdlfHx8fGVufDB8fHx8fA%3D%3D"
                },
                {
                    "original":"https://images.unsplash.com/photo-1708242828015-d4c591944496?q=80&w=1740&auto=format&fit=crop&ixlib=rb-4.0.3&ixid=M3wxMjA3fDB8MHxwaG90by1wYWdlfHx8fGVufDB8fHx8fA%3D%3D",
                    "thumbnail":"https://images.unsplash.com/photo-1708242828015-d4c591944496?q=80&w=1740&auto=format&fit=crop&ixlib=rb-4.0.3&ixid=M3wxMjA3fDB8MHxwaG90by1wYWdlfHx8fGVufDB8fHx8fA%3D%3D"
                },
                {
                    "original":"https://images.unsplash.com/photo-1708346217879-a17c15dd96b7?q=80&w=1740&auto=format&fit=crop&ixlib=rb-4.0.3&ixid=M3wxMjA3fDB8MHxwaG90by1wYWdlfHx8fGVufDB8fHx8fA%3D%3D",
                    "thumbnail":"https://images.unsplash.com/photo-1708346217879-a17c15dd96b7?q=80&w=1740&auto=format&fit=crop&ixlib=rb-4.0.3&ixid=M3wxMjA3fDB8MHxwaG90by1wYWdlfHx8fGVufDB8fHx8fA%3D%3D"
                },
                {
                    "original":"https://images.unsplash.com/photo-1627706073603-844a9ffc650c?q=80&w=1215&auto=format&fit=crop&ixlib=rb-4.0.3&ixid=M3wxMjA3fDB8MHxwaG90by1wYWdlfHx8fGVufDB8fHx8fA%3D%3D",
                    "thumbnail":"https://images.unsplash.com/photo-1627706073603-844a9ffc650c?q=80&w=1215&auto=format&fit=crop&ixlib=rb-4.0.3&ixid=M3wxMjA3fDB8MHxwaG90by1wYWdlfHx8fGVufDB8fHx8fA%3D%3D"
                }
            ]
        },
        {
            "category": 3,
            "name": "Подводный мир",
            "photos": [
                {
                    "original": "https://plus.unsplash.com/premium_photo-1673561556364-ba874a4876eb?q=80&w=1471&auto=format&fit=crop&ixlib=rb-4.0.3&ixid=M3wxMjA3fDB8MHxwaG90by1wYWdlfHx8fGVufDB8fHx8fA%3D%3D",
                    "thumbnail": "https://plus.unsplash.com/premium_photo-1673561556364-ba874a4876eb?q=80&w=1471&auto=format&fit=crop&ixlib=rb-4.0.3&ixid=M3wxMjA3fDB8MHxwaG90by1wYWdlfHx8fGVufDB8fHx8fA%3D%3D"
                },
                {
                    "original": "https://plus.unsplash.com/premium_photo-1693723595968-b7d410643cbf?q=80&w=1470&auto=format&fit=crop&ixlib=rb-4.0.3&ixid=M3wxMjA3fDB8MHxwaG90by1wYWdlfHx8fGVufDB8fHx8fA%3D%3D",
                    "thumbnail": "https://plus.unsplash.com/premium_photo-1693723595968-b7d410643cbf?q=80&w=1470&auto=format&fit=crop&ixlib=rb-4.0.3&ixid=M3wxMjA3fDB8MHxwaG90by1wYWdlfHx8fGVufDB8fHx8fA%3D%3D"
                },
                {
                    "original": "https://plus.unsplash.com/premium_photo-1661889099855-b44dc39e88c9?q=80&w=1470&auto=format&fit=crop&ixlib=rb-4.0.3&ixid=M3wxMjA3fDB8MHxwaG90by1wYWdlfHx8fGVufDB8fHx8fA%3D%3D",
                    "thumbnail": "https://plus.unsplash.com/premium_photo-1661889099855-b44dc39e88c9?q=80&w=1470&auto=format&fit=crop&ixlib=rb-4.0.3&ixid=M3wxMjA3fDB8MHxwaG90by1wYWdlfHx8fGVufDB8fHx8fA%3D%3D"
                },
                {
                    "original": "https://plus.unsplash.com/premium_photo-1661893932838-7f7133be5898?q=80&w=1471&auto=format&fit=crop&ixlib=rb-4.0.3&ixid=M3wxMjA3fDB8MHxwaG90by1wYWdlfHx8fGVufDB8fHx8fA%3D%3D",
                    "thumbnail": "https://plus.unsplash.com/premium_photo-1661893932838-7f7133be5898?q=80&w=1471&auto=format&fit=crop&ixlib=rb-4.0.3&ixid=M3wxMjA3fDB8MHxwaG90by1wYWdlfHx8fGVufDB8fHx8fA%3D%3D"
                },
                {
                    "original": "https://images.unsplash.com/photo-1514907283155-ea5f4094c70c?q=80&w=1740&auto=format&fit=crop&ixlib=rb-4.0.3&ixid=M3wxMjA3fDB8MHxwaG90by1wYWdlfHx8fGVufDB8fHx8fA%3D%3D",
                    "thumbnail": "https://images.unsplash.com/photo-1514907283155-ea5f4094c70c?q=80&w=1740&auto=format&fit=crop&ixlib=rb-4.0.3&ixid=M3wxMjA3fDB8MHxwaG90by1wYWdlfHx8fGVufDB8fHx8fA%3D%3D"
                }
            ]
        },
        {
            "category": 4,
            "name": "Животные",
            "photos": [
                {
                    "original":"https://images.unsplash.com/photo-1425082661705-1834bfd09dca?q=80&w=1752&auto=format&fit=crop&ixlib=rb-4.0.3&ixid=M3wxMjA3fDB8MHxwaG90by1wYWdlfHx8fGVufDB8fHx8fA%3D%3D",
                    "thumbnail": "https://images.unsplash.com/photo-1425082661705-1834bfd09dca?q=80&w=1752&auto=format&fit=crop&ixlib=rb-4.0.3&ixid=M3wxMjA3fDB8MHxwaG90by1wYWdlfHx8fGVufDB8fHx8fA%3D%3D"
                },
                {
                    "original":"https://images.unsplash.com/photo-1558447195-79655685b88b?q=80&w=1746&auto=format&fit=crop&ixlib=rb-4.0.3&ixid=M3wxMjA3fDB8MHxwaG90by1wYWdlfHx8fGVufDB8fHx8fA%3D%3D",
                    "thumbnail": "https://images.unsplash.com/photo-1558447195-79655685b88b?q=80&w=1746&auto=format&fit=crop&ixlib=rb-4.0.3&ixid=M3wxMjA3fDB8MHxwaG90by1wYWdlfHx8fGVufDB8fHx8fA%3D%3D"
                },
                {
                    "original":"https://images.unsplash.com/photo-1475809913362-28a064062ccd?q=80&w=1740&auto=format&fit=crop&ixlib=rb-4.0.3&ixid=M3wxMjA3fDB8MHxwaG90by1wYWdlfHx8fGVufDB8fHx8fA%3D%3D",
                    "thumbnail": "https://images.unsplash.com/photo-1475809913362-28a064062ccd?q=80&w=1740&auto=format&fit=crop&ixlib=rb-4.0.3&ixid=M3wxMjA3fDB8MHxwaG90by1wYWdlfHx8fGVufDB8fHx8fA%3D%3D"
                },
                {
                    "original":"https://images.unsplash.com/photo-1497752531616-c3afd9760a11?q=80&w=1740&auto=format&fit=crop&ixlib=rb-4.0.3&ixid=M3wxMjA3fDB8MHxwaG90by1wYWdlfHx8fGVufDB8fHx8fA%3D%3D",
                    "thumbnail": "https://images.unsplash.com/photo-1497752531616-c3afd9760a11?q=80&w=1740&auto=format&fit=crop&ixlib=rb-4.0.3&ixid=M3wxMjA3fDB8MHxwaG90by1wYWdlfHx8fGVufDB8fHx8fA%3D%3D"
                },
                {
                    "original":"https://images.unsplash.com/photo-1531884070720-875c7622d4c6?q=80&w=1742&auto=format&fit=crop&ixlib=rb-4.0.3&ixid=M3wxMjA3fDB8MHxwaG90by1wYWdlfHx8fGVufDB8fHx8fA%3D%3D",
                    "thumbnail": "https://images.unsplash.com/photo-1531884070720-875c7622d4c6?q=80&w=1742&auto=format&fit=crop&ixlib=rb-4.0.3&ixid=M3wxMjA3fDB8MHxwaG90by1wYWdlfHx8fGVufDB8fHx8fA%3D%3D"
                }
            ]
        },
        {
            "category": 4,
            "name": "Насекомые",
            "photos": [
                {
                    "original":"https://images.unsplash.com/photo-1688334754081-3f86e35a98f6?q=80&w=1470&auto=format&fit=crop&ixlib=rb-4.0.3&ixid=M3wxMjA3fDB8MHxwaG90by1wYWdlfHx8fGVufDB8fHx8fA%3D%3D",
                    "thumbnail": "https://images.unsplash.com/photo-1688334754081-3f86e35a98f6?q=80&w=1470&auto=format&fit=crop&ixlib=rb-4.0.3&ixid=M3wxMjA3fDB8MHxwaG90by1wYWdlfHx8fGVufDB8fHx8fA%3D%3D"
                },
                {
                    "original":"https://images.unsplash.com/photo-1619532474053-e9de8d7d4046?q=80&w=1740&auto=format&fit=crop&ixlib=rb-4.0.3&ixid=M3wxMjA3fDB8MHxwaG90by1wYWdlfHx8fGVufDB8fHx8fA%3D%3D",
                    "thumbnail": "https://images.unsplash.com/photo-1619532474053-e9de8d7d4046?q=80&w=1740&auto=format&fit=crop&ixlib=rb-4.0.3&ixid=M3wxMjA3fDB8MHxwaG90by1wYWdlfHx8fGVufDB8fHx8fA%3D%3D"
                },
                {
                    "original":"https://plus.unsplash.com/premium_photo-1695716352450-7654f64013d1?q=80&w=1732&auto=format&fit=crop&ixlib=rb-4.0.3&ixid=M3wxMjA3fDB8MHxwaG90by1wYWdlfHx8fGVufDB8fHx8fA%3D%3D",
                    "thumbnail": "https://plus.unsplash.com/premium_photo-1695716352450-7654f64013d1?q=80&w=1732&auto=format&fit=crop&ixlib=rb-4.0.3&ixid=M3wxMjA3fDB8MHxwaG90by1wYWdlfHx8fGVufDB8fHx8fA%3D%3D"
                },
                {
                    "original": "https://plus.unsplash.com/premium_photo-1664299705200-942bf0ca8a5c?q=80&w=1740&auto=format&fit=crop&ixlib=rb-4.0.3&ixid=M3wxMjA3fDB8MHxwaG90by1wYWdlfHx8fGVufDB8fHx8fA%3D%3D",
                    "thumbnail": "https://plus.unsplash.com/premium_photo-1664299705200-942bf0ca8a5c?q=80&w=1740&auto=format&fit=crop&ixlib=rb-4.0.3&ixid=M3wxMjA3fDB8MHxwaG90by1wYWdlfHx8fGVufDB8fHx8fA%3D%3D"
                },
                {
                    "original":"https://images.unsplash.com/photo-1693928571606-70b85c4b19c4?q=80&w=1740&auto=format&fit=crop&ixlib=rb-4.0.3&ixid=M3wxMjA3fDB8MHxwaG90by1wYWdlfHx8fGVufDB8fHx8fA%3D%3D",
                    "thumbnail": "https://images.unsplash.com/photo-1693928571606-70b85c4b19c4?q=80&w=1740&auto=format&fit=crop&ixlib=rb-4.0.3&ixid=M3wxMjA3fDB8MHxwaG90by1wYWdlfHx8fGVufDB8fHx8fA%3D%3D"
                }
            ]
        },
        {
            "category": 3,
            "name": "Коралловые рифы",
            "photos": [
                {
                    "original":"https://plus.unsplash.com/premium_photo-1661849977311-151a9e20b3b6?q=80&w=1476&auto=format&fit=crop&ixlib=rb-4.0.3&ixid=M3wxMjA3fDB8MHxwaG90by1wYWdlfHx8fGVufDB8fHx8fA%3D%3D",
                    "thumbnail": "https://plus.unsplash.com/premium_photo-1661849977311-151a9e20b3b6?q=80&w=1476&auto=format&fit=crop&ixlib=rb-4.0.3&ixid=M3wxMjA3fDB8MHxwaG90by1wYWdlfHx8fGVufDB8fHx8fA%3D%3D"
                },
                {
                    "original":"https://plus.unsplash.com/premium_photo-1661963118875-6d1363a48560?q=80&w=1470&auto=format&fit=crop&ixlib=rb-4.0.3&ixid=M3wxMjA3fDB8MHxwaG90by1wYWdlfHx8fGVufDB8fHx8fA%3D%3D",
                    "thumbnail": "https://plus.unsplash.com/premium_photo-1661963118875-6d1363a48560?q=80&w=1470&auto=format&fit=crop&ixlib=rb-4.0.3&ixid=M3wxMjA3fDB8MHxwaG90by1wYWdlfHx8fGVufDB8fHx8fA%3D%3D"
                },
                {
                    "original":"https://images.unsplash.com/photo-1599492816933-2101fe60bc72?q=80&w=1740&auto=format&fit=crop&ixlib=rb-4.0.3&ixid=M3wxMjA3fDB8MHxwaG90by1wYWdlfHx8fGVufDB8fHx8fA%3D%3D",
                    "thumbnail": "https://images.unsplash.com/photo-1599492816933-2101fe60bc72?q=80&w=1740&auto=format&fit=crop&ixlib=rb-4.0.3&ixid=M3wxMjA3fDB8MHxwaG90by1wYWdlfHx8fGVufDB8fHx8fA%3D%3D"
                },
                {
                    "original":"https://plus.unsplash.com/premium_photo-1661811815190-b99942bf3b74?q=80&w=1470&auto=format&fit=crop&ixlib=rb-4.0.3&ixid=M3wxMjA3fDB8MHxwaG90by1wYWdlfHx8fGVufDB8fHx8fA%3D%3D",
                    "thumbnail": "https://plus.unsplash.com/premium_photo-1661811815190-b99942bf3b74?q=80&w=1470&auto=format&fit=crop&ixlib=rb-4.0.3&ixid=M3wxMjA3fDB8MHxwaG90by1wYWdlfHx8fGVufDB8fHx8fA%3D%3D"
                },
                {
                    "original": "https://plus.unsplash.com/premium_photo-1661855023045-f5756af43f72?q=80&w=1470&auto=format&fit=crop&ixlib=rb-4.0.3&ixid=M3wxMjA3fDB8MHxwaG90by1wYWdlfHx8fGVufDB8fHx8fA%3D%3D",
                    "thumbnail": "https://plus.unsplash.com/premium_photo-1661855023045-f5756af43f72?q=80&w=1470&auto=format&fit=crop&ixlib=rb-4.0.3&ixid=M3wxMjA3fDB8MHxwaG90by1wYWdlfHx8fGVufDB8fHx8fA%3D%3D"
                }
            ]
        }       
    ]
}